<resources>
    <string name="app_name">Search on FB</string>

    <string name="label_keyword">Enter a keyword</string>

    <string name="clear_btn">Clear</string>
    <string name="search_btn">Search</string>
    <string name="navigation_drawer_open">Open navigation drawer</string>
    <string name="navigation_drawer_close">Close navigation drawer</string>

    <string name="action_settings">Settings</string>
    <string name="title_activity_about_me">aboutMe</string>
    <string name="title_home">Home</string>
    <string name="title_dashboard">Dashboard</string>
    <string name="title_notifications">Notifications</string>
    
    <string name="facebook_app_id">210808026061279</string>
</resources>
