<resources>

    <!-- Base application theme. -->
    <style name="AppTheme" parent="Theme.AppCompat.Light.DarkActionBar">
        <!-- Customize your theme here. -->
        <item name="colorPrimary">@color/colorPrimary</item>
        <item name="colorPrimaryDark">@color/colorPrimaryDark</item>
        <item name="colorAccent">@color/colorAccent</item>
    </style>

    <style name="AppTheme.NoActionBar">
        <item name="windowActionBar">false</item>
        <item name="windowNoTitle">true</item>
    </style>

    <style name="Widget.MyApp.ActionBar" parent="Widget.AppCompat.ActionBar">
        <item name="android:background">@color/colorPrimary</item>
        <item name="theme">@style/AboutMe.MyApp.ActionBar</item>
        <item name="popupTheme">@style/ThemeOverlay.AppCompat.Light</item>
    </style>

    <style name="AboutMe.MyApp.ActionBar" parent="ThemeOverlay.AppCompat.ActionBar">
        <item name="android:textColorPrimary">@color/black</item>
        <item name="actionMenuTextColor">@color/black</item>
        <item name="android:textSize">25sp</item>
        <item name="android:textStyle">bold</item>
    </style>

    <style name="AppTheme.SearchView" parent="Widget.AppCompat.SearchView">
        <item name="searchIcon">@android:drawable/ic_menu_search</item>
        <item name="closeIcon">@android:drawable/ic_menu_close_clear_cancel</item>
    </style>

    <style name="AppTheme.AppBarOverlay" parent="ThemeOverlay.AppCompat.Dark.ActionBar" />

    <style name="AppTheme.PopupOverlay" parent="ThemeOverlay.AppCompat.Light" />

    <style name="AboutMe">
        <item name="android:textSize">25sp</item>
        <item name="android:textStyle">bold</item>
        <item name="android:textColor">@color/black</item>
    </style>

    <style name="PostName">
        <item name="android:orientation">vertical</item>
        <item name="android:textSize">15sp</item>
        <item name="android:textStyle">bold</item>
        <item name="android:textColor">@color/black</item>
    </style>

    <style name="ExpandableItem">

        <item name="android:textSize">35sp</item>
        <item name="android:textStyle">bold</item>
        <item name="android:textColor">@color/black</item>
        <item name="android:background">@color/colorExpandableItem</item>
    </style>

</resources>
